{"cameraMode":{"drawMode":0,"name":"Shaded","section":"Shading Mode"},"sceneLighting":false,"audioPlay":false,"sceneViewState":{"m_AlwaysRefresh":false,"showFog":true,"showSkybox":false,"showFlares":true,"showImageEffects":true,"showParticleSystems":true,"showVisualEffectGraphs":true,"m_FxEnabled":true},"in2DMode":false,"pivot":{"x":-0.27613872289657595,"y":1.4776540994644166,"z":-0.046296000480651858},"rotation":{"x":0.10074359178543091,"y":-0.09684646874666214,"z":0.009853140451014042,"w":0.9901450276374817},"size":0.41118741035461428,"orthographic":false}