{"cameraMode":{"drawMode":0,"name":"Shaded","section":"Shading Mode"},"sceneLighting":false,"audioPlay":false,"sceneViewState":{"m_AlwaysRefresh":false,"showFog":true,"showSkybox":false,"showFlares":true,"showImageEffects":true,"showParticleSystems":true,"showVisualEffectGraphs":true,"m_FxEnabled":true},"in2DMode":false,"pivot":{"x":1.2650760412216187,"y":-0.3088781237602234,"z":-1.7471909523010255},"rotation":{"x":-0.050293125212192538,"y":-0.9495612382888794,"z":0.2101571261882782,"w":-0.22724071145057679},"size":1.4100489616394044,"orthographic":false}